Id,SalePrice,price
1461,169277.0524984,128465.805
1462,187758.393988768,159064.75
1463,183583.683569555,180014.61
1464,179317.47751083,186777.38
1465,150730.079976501,201247.27
1466,177150.989247307,173729.94
1467,172070.659229164,171904.58
1468,175110.956519547,169573.62
1469,162011.698831665,177838.28
1470,160726.247831419,120677.38
1471,157933.279456005,193851.25
1472,145291.245020389,94546.9
1473,159672.017631819,107445.65
1474,164167.518301885,153094.73
1475,150891.638244053,138648.12
1476,179460.96518734,391824.44
1477,185034.62891405,264433.38
1478,182352.192644656,301201.06
1479,183053.458213802,248762.16
1480,187823.339254278,466381.0
1481,186544.114327568,326765.78
1482,158230.77520516,210560.0
1483,190552.829321091,176677.39
1484,147183.67487199,168898.47
1485,185855.300905493,173954.77
1486,174350.470676986,202413.19
1487,201740.620690863,368636.22
1488,162986.378895754,237721.39
1489,162330.199085679,208581.28
1490,165845.938616539,197384.81
1491,180929.622876974,189991.67
1492,163481.501519718,91094.91
1493,187798.076714233,182599.14
1494,198822.198942566,279653.25
1495,194868.409899858,297158.9
1496,152605.298564403,208641.27
1497,147797.702836811,178394.22
1498,150521.96899297,157836.44
1499,146991.630153739,155313.88
1500,150306.307814534,151372.88
1501,151164.372534604,175116.53
1502,151133.706960953,162012.66
1503,156214.042540726,311372.78
1504,171992.760735142,219337.77
1505,173214.912549738,215890.1
1506,192429.187345783,198539.3
1507,190878.69508543,246928.56
1508,194542.544135519,209016.88
1509,191849.439072822,161133.95
1510,176363.773907793,143196.8
1511,176954.185412429,144527.44
1512,176521.216975696,171243.27
1513,179436.704810176,157746.66
1514,220079.756777048,174547.98
1515,175502.918109444,179276.89
1516,188321.073833569,159175.16
1517,163276.324450004,152780.28
1518,185911.366293097,119850.94
1519,171392.830997252,214130.16
1520,174418.207020775,130980.51
1521,179682.709603774,141857.58
1522,179423.751581665,174319.08
1523,171756.918091777,108231.19
1524,166849.638174419,124860.01
1525,181122.168676666,121020.414
1526,170934.462746566,128215.695
1527,159738.292580329,103615.71
1528,174445.759557658,119722.53
1529,174706.363659627,149947.81
1530,164507.672539365,172404.05
1531,163602.512172832,122141.086
1532,154126.270249525,104151.03
1533,171104.853481351,141049.28
1534,167735.39270528,116024.164
1535,183003.613338104,160996.19
1536,172580.381161499,112621.17
1537,165407.889104689,70452.945
1538,176363.773907793,181584.55
1539,175182.950898522,193757.38
1540,190757.177789246,95787.91
1541,167186.995771991,151617.0
1542,167839.376779276,151883.88
1543,173912.421165137,227296.64
1544,154034.917445551,75445.55
1545,156002.955794336,101219.234
1546,168173.94329857,133476.77
1547,168882.437104132,135381.33
1548,168173.94329857,135287.22
1549,157580.177551642,119969.05
1550,181922.15256011,146876.72
1551,155134.227842592,119221.5
1552,188885.573319552,130135.94
1553,183963.193012381,151450.28
1554,161298.762306335,113677.69
1555,188613.66763056,179162.84
1556,175080.111822945,89039.91
1557,174744.400305232,118390.33
1558,168175.911336919,90119.21
1559,182333.472575006,104857.05
1560,158307.206742274,143382.06
1561,193053.055502348,144696.08
1562,175031.089987177,130622.26
1563,160713.294602908,116684.81
1564,173186.215014436,162094.97
1565,191736.7598055,143370.42
1566,170401.630997116,219499.14
1567,164626.577880222,77942.484
1568,205469.409444832,243327.72
1569,209561.784211885,148083.27
1570,182271.503072356,137651.45
1571,178081.549427793,137861.56
1572,178425.956138831,147068.84
1573,162015.318511503,259685.8
1574,181722.420373045,110122.97
1575,156705.730169433,196861.62
1576,182902.420342386,228908.28
1577,157574.595395085,203316.55
1578,184380.739100813,151128.31
1579,169364.469225677,141178.17
1580,175846.179822063,191566.77
1581,189673.295302136,143244.39
1582,174401.317715566,126793.13
1583,179021.448718583,346475.62
1584,189196.845337149,241806.44
1585,139647.095720655,141113.58
1586,161468.198288911,82548.86
1587,171557.32317862,101493.42
1588,179447.36804185,156772.83
1589,169611.619017694,98692.664
1590,172088.872655744,132006.72
1591,171190.624128768,94240.266
1592,154850.508361878,119795.414
1593,158617.655719941,123508.18
1594,209258.33693701,132587.0
1595,177939.027626751,119427.945
1596,194631.100299584,245759.53
1597,213618.871562568,163103.56
1598,198342.504228533,198477.67
1599,138607.971472497,180791.05
1600,150778.958976731,184609.2
1601,146966.230339786,74712.88
1602,162182.59620952,117026.83
1603,176825.940961269,109099.54
1604,152799.812402444,273673.34
1605,180322.322067129,248094.53
1606,177508.027228367,171818.05
1607,208029.642652019,162245.2
1608,181987.282510201,206491.27
1609,160172.72797397,197725.95
1610,176761.317654248,153185.31
1611,176515.497545231,142693.1
1612,176270.453065471,155227.67
1613,183050.846258475,157541.28
1614,150011.102062216,113800.17
1615,159270.537808667,88547.54
1616,163419.663729346,80318.39
1617,163399.983345859,93784.22
1618,173364.161505756,125760.586
1619,169556.835902417,146099.97
1620,183690.595995738,143692.69
1621,176980.914909382,138441.73
1622,204773.36222471,147486.89
1623,174728.655998442,309729.88
1624,181873.458244461,223591.45
1625,177322.000823979,131598.48
1626,193927.939041863,168293.95
1627,181715.622732304,180363.47
1628,199270.841200324,285919.03
1629,177109.589956218,186600.03
1630,153909.578271486,370300.66
1631,162931.203336223,220510.17
1632,166386.7567182,251474.16
1633,173719.30379824,173160.12
1634,179757.925656704,184651.05
1635,179007.601964376,184118.61
1636,180370.808623106,157837.06
1637,185102.616730563,166765.73
1638,198825.563452058,204247.34
1639,184294.576009142,181117.5
1640,200443.7920562,246369.39
1641,181294.784484153,175152.75
1642,174354.336267919,212561.1
1643,172023.677781517,209342.39
1644,181666.922855025,227773.16
1645,179024.491269586,179415.61
1646,178324.191575907,150265.23
1647,184534.676687694,158138.42
1648,159397.250378784,134260.5
1649,178430.966728182,137978.56
1650,177743.799385967,112195.11
1651,179395.305519087,118664.484
1652,151713.38474815,92467.43
1653,151713.38474815,98193.055
1654,168434.977996215,151876.6
1655,153999.100311019,151051.9
1656,164096.097354123,150886.9
1657,166335.403036551,153557.23
1658,163020.725375757,150956.78
1659,155862.510668829,136140.62
1660,182760.651095509,150770.92
1661,201912.270622883,471032.94
1662,185988.233987516,366532.94
1663,183778.44888032,377981.72
1664,170935.85921771,455832.28
1665,184468.908382254,322035.38
1666,191569.089663229,328883.88
1667,232991.025583822,373685.38
1668,180980.721388278,342318.6
1669,164279.13048219,277362.38
1670,183859.460411109,344414.97
1671,185922.465682076,250664.05
1672,191742.778119363,466563.94
1673,199954.072465842,292485.66
1674,180690.274752587,248688.94
1675,163099.3096358,185401.81
1676,140791.922472443,181678.73
1677,166481.86647592,218478.08
1678,172080.434496773,411564.47
1679,191719.161659178,363466.97
1680,160741.098612515,347810.1
1681,157829.546854733,282717.6
1682,196896.748596341,296935.72
1683,159675.423990355,179590.52
1684,182084.790901946,169603.12
1685,179233.926374487,172353.1
1686,155774.270901623,171729.47
1687,181354.326716058,168542.05
1688,179605.563663918,188478.22
1689,181609.34866147,192857.38
1690,178221.531623281,190781.25
1691,175559.920735795,176378.58
1692,200328.822792041,271363.94
1693,178630.060559899,169597.84
1694,177174.535221728,182368.08
1695,172515.687368714,166504.1
1696,204032.992922943,271376.0
1697,176023.232787689,167265.66
1698,202202.073341595,385279.25
1699,181734.480075862,325425.22
1700,183982.158993126,254485.33
1701,188007.94241481,263607.44
1702,185922.966763517,245060.83
1703,183978.544874918,251603.38
1704,177199.618638821,305622.44
1705,181878.647956764,239356.4
1706,173622.088728263,455592.88
1707,180728.168562655,226025.88
1708,176477.026606328,213177.55
1709,184282.266697609,249771.88
1710,162062.47538448,221522.11
1711,182550.070992189,253211.56
1712,180987.949624695,216045.02
1713,178173.79762147,239660.7
1714,179980.635948606,221939.83
1715,173257.637826205,210088.19
1716,177271.291059307,188586.36
1717,175338.355442312,160798.84
1718,177548.140549508,135375.12
1719,175969.91662932,208144.86
1720,175011.481953462,259561.95
1721,185199.372568143,154838.27
1722,188514.050228937,129739.195
1723,185080.145268797,157233.86
1724,157304.402574096,219548.4
1725,194260.859481297,238479.33
1726,181262.329995106,185550.9
1727,157003.292706732,172027.95
1728,182924.499359899,183614.81
1729,181902.586375439,166171.56
1730,188985.371708134,174073.47
1731,185290.904495068,124306.26
1732,177304.425752748,127577.34
1733,166274.900490809,118889.46
1734,177807.420530107,124063.53
1735,180330.624816201,126422.73
1736,179069.112234629,117251.195
1737,175943.371816948,331901.1
1738,185199.050609653,217683.55
1739,167350.910824524,248214.58
1740,149315.311876449,198146.12
1741,139010.847766793,194444.1
1742,155412.151845447,176474.39
1743,171308.313985441,158717.47
1744,176220.543265638,316804.12
1745,177643.434991809,228642.31
1746,187222.653264601,241681.67
1747,185635.132083154,219055.69
1748,206492.534215854,225859.39
1749,181681.021081956,151911.3
1750,180500.198072685,134613.08
1751,206486.17086841,234165.14
1752,161334.301195429,117354.76
1753,176156.558313965,132386.78
1754,191642.223478994,219621.47
1755,191945.808027777,163064.53
1756,164146.306037354,122294.4
1757,179883.057071096,117745.09
1758,178071.137668844,147558.2
1759,188241.637896875,164609.62
1760,174559.656173171,164370.66
1761,182347.363042264,143451.3
1762,191507.251872857,161880.14
1763,199751.865597358,162533.02
1764,162106.416145131,116785.9
1765,164575.982314367,166785.94
1766,179176.352180931,168208.89
1767,177327.403857584,211865.05
1768,177818.083761781,140444.36
1769,186965.204048443,167259.75
1770,178762.742169197,137249.14
1771,183322.866146283,134220.9
1772,178903.295931891,134556.62
1773,186570.129421778,141467.98
1774,199144.242829024,121005.26
1775,172154.713310956,129908.234
1776,177444.019201603,127208.19
1777,166200.938073485,115114.58
1778,158995.770555632,138255.61
1779,168273.282454755,119940.61
1780,189680.453052788,177712.69
1781,181681.021081956,136597.55
1782,160277.142643643,89948.13
1783,197318.54715833,134486.58
1784,162228.935604196,102086.07
1785,187340.455456083,118877.25
1786,181065.347037275,134484.94
1787,190233.609102705,156682.78
1788,157929.594852031,50952.188
1789,168557.001935469,108732.66
1790,160805.584645628,96966.39
1791,221648.391978216,177392.75
1792,180539.88079815,156050.42
1793,182105.616283853,137672.11
1794,166380.852603154,146182.52
1795,178942.155617426,133469.95
1796,162804.747800461,129699.93
1797,183077.684392615,120070.77
1798,171728.4720292,129551.69
1799,164786.741540638,117381.24
1800,177427.267170302,131607.84
1801,197318.54715833,124734.266
1802,178658.114178223,161285.3
1803,185437.320523764,151124.89
1804,169759.652489529,142913.28
1805,173986.635055186,134612.73
1806,168607.664289468,112703.8
1807,194138.519145183,141118.0
1808,192502.440921994,122478.695
1809,176746.969818601,123986.89
1810,177604.891703134,142875.98
1811,193283.746584832,105022.81
1812,181627.061006609,102036.45
1813,169071.62025834,121850.984
1814,167398.006470987,91705.78
1815,150106.505141704,61519.027
1816,159650.304285848,94470.97
1817,179471.23597476,112786.81
1818,177109.589956218,144728.25
1819,166558.113328453,119696.03
1820,153796.714319583,76189.086
1821,174520.152570658,120684.16
1822,196297.95829524,170842.83
1823,169100.681601175,60369.97
1824,176911.319164431,135579.1
1825,169234.6454828,148132.83
1826,172386.297919134,103144.875
1827,156031.904802362,108937.01
1828,168202.892306596,146375.47
1829,166505.984017547,121242.97
1830,176507.37022149,155739.5
1831,180116.752553161,161818.89
1832,183072.740591406,86684.55
1833,189595.964677698,138693.81
1834,167523.919076265,113059.305
1835,210817.775863413,158634.39
1836,172942.930813351,140788.9
1837,145286.278144089,91126.266
1838,176468.653371492,119337.89
1839,159040.069562187,87169.21
1840,178518.204332507,169452.55
1841,169163.980786825,161610.39
1842,189786.685274579,88034.836
1843,181246.728523853,135182.08
1844,176349.927153587,142297.25
1845,205266.631009142,151161.45
1846,187397.993362224,153108.36
1847,208943.427726113,160901.17
1848,165014.532907657,64660.223
1849,182492.037566236,103923.66
1850,161718.71259042,121492.805
1851,180084.118941162,152216.23
1852,178534.950802179,134259.94
1853,151217.259961305,131863.95
1854,156342.717587562,170913.64
1855,188511.443835239,137844.58
1856,183570.337896789,228246.64
1857,225810.160292177,162806.84
1858,214217.401131694,134045.81
1859,187665.64101603,121365.85
1860,161157.177744039,154108.89
1861,187643.992594193,124193.05
1862,228156.372839158,254253.12
1863,220449.534665317,251616.5
1864,220522.352084222,251616.5
1865,156647.763531624,331250.38
1866,187388.833374873,348412.62
1867,178640.723791573,251259.27
1868,180847.216739049,315712.44
1869,159505.170529478,195631.06
1870,164305.538020654,241663.75
1871,180181.19673723,263227.9
1872,184602.734989972,174109.05
1873,193440.372174434,239805.9
1874,184199.788209911,138607.05
1875,196241.892907637,199270.12
1876,175588.618271096,194687.94
1877,179503.046546829,199457.88
1878,183658.076582555,209722.66
1879,193700.976276404,134755.73
1880,165399.62450704,135387.6
1881,186847.944787446,225769.17
1882,198127.73287817,248437.08
1883,183320.898107934,195199.28
1884,181613.606696657,213394.83
1885,178298.791761954,271741.1
1886,185733.534000593,323007.6
1887,180008.188485489,190567.38
1888,175127.59621604,284090.47
1889,183467.176862723,161359.44
1890,182705.546021743,138189.88
1891,152324.943593181,141392.8
1892,169878.515981342,97062.91
1893,183735.975076576,134671.31
1894,224118.280105941,113084.69
1895,169355.202465146,146703.98
1896,180054.276407441,119265.7
1897,174081.601977368,112779.99
1898,168494.985022146,107233.31
1899,181871.598843299,144503.95
1900,173554.489658383,159611.62
1901,169805.382165577,176003.34
1902,176192.990728755,133349.75
1903,204264.39284654,197689.6
1904,169630.906956928,139287.36
1905,185724.838807268,181006.64
1906,195699.036281861,157465.78
1907,189494.276162169,209274.61
1908,149607.905673439,125824.99
1909,154650.199045978,136188.3
1910,151579.558140433,133413.89
1911,185147.380531144,198842.48
1912,196314.53120359,247315.27
1913,210802.395364155,145553.78
1914,166271.2863726,85232.48
1915,154865.359142973,337989.6
1916,173575.5052865,78247.086
1917,179399.563554274,261759.67
1918,164280.776562049,132094.33
1919,171247.48948121,168079.67
1920,166878.587182445,141236.31
1921,188129.459710994,415739.56
1922,183517.34369691,322469.44
1923,175522.026925727,230095.56
1924,190060.105331152,195354.73
1925,174179.824771856,214436.42
1926,171059.523675194,388397.2
1927,183004.186769318,136804.06
1928,183601.647387418,158689.34
1929,163539.327185998,125635.0
1930,164677.676391525,139000.61
1931,162395.073865424,140153.22
1932,182207.6323195,142445.27
1933,192223.939790304,195280.12
1934,176391.829390125,178279.52
1935,181913.179121348,172411.67
1936,179136.097888261,187946.45
1937,196595.568243212,178723.67
1938,194822.365690957,170571.03
1939,148356.669440918,252324.25
1940,160387.604263899,200919.45
1941,181276.500571809,172162.1
1942,192474.817899346,189238.73
1943,157699.907796437,210673.39
1944,215785.540813051,321817.22
1945,181824.300998793,390913.4
1946,221813.00948166,162191.53
1947,165281.292597397,341017.4
1948,255629.49047034,177023.45
1949,173154.590990955,245457.27
1950,183884.65246539,178127.77
1951,200210.353608489,273919.47
1952,186599.221265342,226464.53
1953,192718.532696106,163738.36
1954,178628.665952764,190941.38
1955,180650.342418406,127038.88
1956,206003.107947263,266211.5
1957,166457.67844853,158591.83
1958,202916.221653487,308205.7
1959,192463.969983091,132990.33
1960,171775.497189898,117605.52
1961,175249.222149411,119501.68
1962,147086.59893993,94555.75
1963,149709.672100371,100568.93
1964,171411.404533743,102875.26
1965,178188.964799425,149915.95
1966,156491.711373235,153509.48
1967,180953.241201168,321683.84
1968,203909.759061135,409518.97
1969,175470.149087545,411185.78
1970,205578.333622415,450824.38
1971,199428.857699441,441556.25
1972,187599.163869476,347251.94
1973,192265.198109864,273591.9
1974,196666.554897677,326759.4
1975,155537.862252682,457523.38
1976,169543.240620935,273760.8
1977,202487.010170501,361354.03
1978,208232.716273485,368312.8
1979,173621.195202569,338725.28
1980,172414.608571812,188222.4
1981,164400.75641556,342264.78
1982,160480.424024781,237396.58
1983,156060.853810389,209169.31
1984,157437.192820581,164194.86
1985,158163.720929772,194805.7
1986,154849.043268978,195090.11
1987,152186.609341561,181294.84
1988,180340.215399228,174659.52
1989,178344.62451356,195481.95
1990,190170.382266827,212539.56
1991,168092.975480832,234479.02
1992,178757.912566805,206676.34
1993,174518.256882082,173851.98
1994,198168.490116289,239854.7
1995,176882.693978902,185784.89
1996,183801.672896251,254022.8
1997,196400.046680661,335644.75
1998,172281.605004025,333701.9
1999,196380.366297173,261464.39
2000,198228.354306682,309065.25
2001,195556.581268962,245356.75
2002,186453.264469043,213826.02
2003,181869.381196234,248738.64
2004,175610.840124147,249777.75
2005,183438.730800145,248505.77
2006,179584.488673295,233537.72
2007,182386.152242034,251897.44
2008,160750.367237054,212491.11
2009,182477.505046008,186799.48
2010,187720.359207171,190487.89
2011,187201.942081511,139426.02
2012,176385.102235149,184452.95
2013,175901.787841278,182081.08
2014,182584.280198283,189600.58
2015,195664.686104237,199544.58
2016,181420.346494222,195774.19
2017,176676.04995228,204023.84
2018,181594.678867334,124695.97
2019,178521.747964951,131330.42
2020,175895.883726231,121632.375
2021,168468.005916477,106960.33
2022,200973.129447888,179433.2
2023,197030.641992202,140029.61
2024,192867.417844592,217964.36
2025,196449.247639381,381566.03
2026,141684.196398607,177079.1
2027,153353.334123901,148194.03
2028,151143.549016705,147404.33
2029,163753.087114229,175617.36
2030,158682.460013921,278744.0
2031,144959.835250915,266314.7
2032,160144.390548579,282444.75
2033,156286.534303521,273998.9
2034,165726.707619571,158683.56
2035,182427.481047359,205114.06
2036,173310.56154032,207238.66
2037,173310.56154032,230129.31
2038,151556.01403002,299423.75
2039,158908.146068683,233172.77
2040,209834.383092536,367607.88
2041,192410.516550815,296841.78
2042,174026.247294886,199288.95
2043,195499.830115336,171568.86
2044,200918.018812493,183334.53
2045,207243.616023976,216377.48
2046,196149.783851876,131212.94
2047,192097.914850217,143196.69
2048,178570.948923671,134484.45
2049,228617.968325428,126562.34
2050,199929.884438451,182017.23
2051,160206.365612859,106295.77
2052,179854.431885567,129256.664
2053,185987.340461822,144239.98
2054,161122.505607926,98794.484
2055,175949.342720138,150612.23
2056,183683.590595324,137658.47
2057,176401.34762338,117572.695
2058,205832.532527897,235667.64
2059,177799.799849436,136122.06
2060,167565.362080406,165376.56
2061,186348.958436557,180833.0
2062,179782.759465081,133796.52
2063,169837.623333323,118076.97
2064,178817.275675758,135161.53
2065,174444.479149339,122018.02
2066,192834.968917174,184510.1
2067,196564.717984981,113655.56
2068,206977.567039357,121797.234
2069,157054.253944128,92921.766
2070,175142.948078577,109346.36
2071,159932.1643654,99322.38
2072,182801.408333628,126043.664
2073,181510.375176825,136978.66
2074,181613.035129451,180464.78
2075,186920.512597635,150149.42
2076,157950.170625222,121190.14
2077,176115.159022876,156088.62
2078,182744.514344465,130533.67
2079,180660.683691591,128957.73
2080,160775.629777099,115190.0
2081,186711.715848082,116981.49
2082,223581.758190888,111748.91
2083,172330.943236652,142500.77
2084,163474.633393212,110751.27
2085,175308.263299874,121796.71
2086,187462.725306432,119118.9
2087,180655.101535034,117500.81
2088,152121.98603454,93310.35
2089,159856.233909727,88622.8
2090,186559.854936737,127677.0
2091,183962.550959411,132022.06
2092,162107.168699296,131929.53
2093,162582.288981283,122083.34
2094,154407.701597409,123185.12
2095,181625.666399474,150606.94
2096,164810.609473548,87960.16
2097,176429.401241704,102931.19
2098,179188.089925259,142816.17
2099,145997.635377703,57955.363
2100,218676.768270367,98532.55
2101,188323.861214226,124742.64
2102,168690.0722914,127838.24
2103,165088.746797705,103587.76
2104,191435.007885166,120892.64
2105,168864.404664512,137776.62
2106,176041.882371574,75131.195
2107,215911.674390325,256731.19
2108,167388.238629016,121531.95
2109,163854.786753017,114422.03
2110,163299.477980171,133291.4
2111,178298.214633119,161626.81
2112,176376.586164775,137173.98
2113,170211.043976522,122400.89
2114,170818.344786366,103552.734
2115,174388.867432503,155961.97
2116,161112.987374671,124646.49
2117,172179.082325307,154692.58
2118,157798.309713876,119820.695
2119,169106.151422924,109995.945
2120,170129.531364292,117733.91
2121,157680.227412949,110042.4
2122,162690.209131977,111155.12
2123,146968.379365095,83969.57
2124,181507.721372455,173610.86
2125,191215.589752983,118552.82
2126,189432.689844522,162676.38
2127,207271.484957719,167753.2
2128,170030.807488363,132987.64
2129,148409.806476335,115498.81
2130,193850.613979055,137680.0
2131,193808.319298263,171598.81
2132,166300.235380627,114997.086
2133,163474.633393212,119858.62
2134,177473.606564978,120594.41
2135,157443.925537187,111613.45
2136,180681.007992057,82851.0
2137,183463.17030026,106239.06
2138,182481.763081195,137482.1
2139,193717.15117887,153214.02
2140,182782.55099007,140866.67
2141,175530.651633287,145631.16
2142,177804.057884623,134647.92
2143,159448.670848577,138824.42
2144,181338.976717529,127796.68
2145,178553.558537021,130105.13
2146,162820.928264556,163475.97
2147,188832.479997186,141591.83
2148,164682.185899437,132997.31
2149,181549.735943801,139731.22
2150,199158.097008868,243479.25
2151,152889.520990566,130462.625
2152,181150.551679116,208829.28
2153,181416.732376013,166994.9
2154,164391.238182305,119173.16
2155,185421.046498812,126076.91
2156,193981.327550004,235211.88
2157,178824.324789223,224589.92
2158,209270.051606246,241091.5
2159,177801.266806344,208939.12
2160,179053.762236101,175684.98
2161,178762.170601992,253503.25
2162,184655.300458183,433119.47
2163,191284.655779772,338431.8
2164,179598.085818785,261638.28
2165,167517.628078595,183049.78
2166,182873.903794044,145398.48
2167,177484.91371363,209416.7
2168,188444.597319524,207507.98
2169,179184.153848562,196434.14
2170,184365.175780982,220507.42
2171,184479.322005212,150502.88
2172,182927.863869391,139308.98
2173,178611.639373646,147694.84
2174,181943.343613558,235258.67
2175,175080.614768394,310695.03
2176,190720.794649138,342105.9
2177,198422.868144723,249955.4
2178,184482.11308349,215737.55
2179,139214.952187861,138996.72
2180,169233.113601757,211575.14
2181,180664.118686848,177210.7
2182,178818.742632666,228224.58
2183,180422.049969947,198790.77
2184,178601.93645581,132187.02
2185,183083.159775993,130563.6
2186,173163.101499699,144718.97
2187,185968.161159774,155770.31
2188,171226.050683054,157443.72
2189,281643.976116786,182467.2
2190,160031.711281258,81561.63
2191,162775.979779394,81579.805
2192,160735.445970193,86098.7
2193,166646.109048572,103405.586
2194,188384.548444549,100510.54
2195,165830.697255197,111242.3
2196,182138.358533039,99899.23
2197,171595.397975647,116634.22
2198,160337.079183809,153632.86
2199,191215.088671543,188558.03
2200,166956.093232213,140335.34
2201,186581.830878692,139781.08
2202,176450.548582099,196883.03
2203,193743.194909801,160745.45
2204,198882.566078408,188409.12
2205,176385.102235149,111196.766
2206,162447.639333636,140127.22
2207,193782.555676777,215923.3
2208,183653.890897141,234685.64
2209,210578.623546866,204701.97
2210,158527.164107319,132555.27
2211,163081.025723456,113390.69
2212,174388.867432503,111070.23
2213,191905.870131966,99564.695
2214,174388.867432503,131285.19
2215,161642.711648983,108120.92
2216,186939.507215101,134146.61
2217,172482.165792649,84099.71
2218,159695.999763546,93749.75
2219,157230.369671007,77236.29
2220,179188.089925259,90513.89
2221,157972.82120994,337742.62
2222,156804.951429181,231127.08
2223,211491.972463654,286852.2
2224,186537.246201062,217489.05
2225,200468.161070551,135624.52
2226,182241.340444154,174429.67
2227,157342.225898399,193785.81
2228,182022.387105998,287837.7
2229,181244.510876788,246885.5
2230,178556.671573788,154341.67
2231,189547.199876284,212159.5
2232,187948.65165563,181332.45
2233,194107.287565956,173178.84
2234,183521.710369283,266797.7
2235,183682.123638416,209641.94
2236,178483.353073443,291921.06
2237,184003.879764736,356196.78
2238,171318.59033449,200606.62
2239,162039.754313997,111463.8
2240,154846.252190699,164118.42
2241,194822.365690957,152151.84
2242,169788.738771463,132238.39
2243,178891.554489941,130430.81
2244,152084.772428865,105537.69
2245,139169.86642879,94087.29
2246,192439.536044606,152222.77
2247,161067.859766557,100011.47
2248,158762.648504781,125079.305
2249,175569.690441774,128699.81
2250,183659.795012187,139606.02
2251,280618.132617258,127631.4
2252,180051.809151659,180017.81
2253,176519.18031559,154685.11
2254,179028.429210291,180563.55
2255,177161.583857224,182445.4
2256,180081.508849842,185858.58
2257,205895.254584712,185683.95
2258,183389.78131415,174683.5
2259,178543.647859512,176570.8
2260,194798.320499104,160690.73
2261,162845.613675766,185438.66
2262,148103.867006579,219113.48
2263,201016.171121215,345197.47
2264,277936.12694354,450025.53
2265,249768.279823405,166384.27
2266,161596.052159825,304127.53
2267,158011.114889899,380139.16
2268,194089.683858004,382454.84
2269,181733.336941451,149496.2
2270,182852.32772198,184200.64
2271,189893.003058465,214940.89
2272,194650.210979875,198174.6
2273,187904.461286262,165283.8
2274,171774.925622692,173256.11
2275,177998.685921479,164097.02
2276,175648.484325498,181062.2
2277,196918.071362067,191196.45
2278,184299.838071218,149833.12
2279,182379.855682734,123241.43
2280,184050.725802482,120128.87
2281,158296.975970284,175446.08
2282,175053.355553278,182619.14
2283,162293.376090644,94415.164
2284,186328.880047186,102108.49
2285,151422.116936538,151520.98
2286,181969.358707768,129130.055
2287,189122.67702416,342915.97
2288,185645.475220346,269442.16
2289,182829.898109257,385096.12
2290,195848.788183328,436988.1
2291,198785.059550672,333642.4
2292,181676.126555428,419057.6
2293,194131.012663328,445024.9
2294,201416.004864508,348440.06
2295,185096.577205616,434987.88
2296,195158.972598372,285497.94
2297,184795.783735112,333780.9
2298,189168.263864671,306528.62
2299,216855.260149095,400620.22
2300,184946.642483576,345136.7
2301,189317.51282069,272154.5
2302,180803.277842406,226665.34
2303,175061.18585763,236283.44
2304,179074.839090732,242182.31
2305,145708.764336107,173679.05
2306,142398.022752011,173938.23
2307,161474.534863641,187736.3
2308,157025.945155458,211364.77
2309,163424.037827357,292999.06
2310,164692.778645345,213454.25
2311,152163.2443541,188567.17
2312,192383.215486656,177816.47
2313,182520.230322476,173041.62
2314,187254.507549722,178798.06
2315,176489.659740359,175345.28
2316,181520.466841293,185073.08
2317,186414.978214721,187844.08
2318,185197.764639705,178818.17
2319,178657.794083741,177576.72
2320,179731.198023759,188540.55
2321,161748.271317074,254486.34
2322,158608.749069322,168006.42
2323,178807.370559878,178058.05
2324,184187.158803897,168351.12
2325,181686.10402108,209138.58
2326,190311.050228337,169135.27
2327,192252.496354076,211067.66
2328,193954.849525775,232888.38
2329,181044.201560887,185111.89
2330,180258.131219792,175925.17
2331,199641.657313834,387902.03
2332,197530.775205517,447063.6
2333,191777.196949138,328693.44
2334,195779.543033588,263755.22
2335,202112.046522999,275017.47
2336,192343.34807661,321565.88
2337,185191.359443218,199336.61
2338,186760.207965688,292807.4
2339,177733.78193528,223140.6
2340,164430.391189608,393077.6
2341,185299.601552401,205865.52
2342,186414.012339254,246291.6
2343,176401.921054593,222056.84
2344,182381.322639642,219184.27
2345,176334.184710805,245369.95
2346,184901.735847457,228756.69
2347,180085.766885029,207710.88
2348,184901.735847457,233701.4
2349,183967.561548763,159775.05
2350,193046.301574659,274560.53
2351,168538.969495849,253982.73
2352,170157.842016969,239125.27
2353,196559.709259637,226727.88
2354,177133.709361852,133279.31
2355,181553.279576244,149360.23
2356,185770.606634739,155173.66
2357,177017.595099274,202146.6
2358,184123.358536806,198601.61
2359,165970.357492196,128316.24
2360,158151.985049452,122323.63
2361,177086.476441481,141808.16
2362,196373.896176551,277381.78
2363,172465.707083115,137174.25
2364,168590.782409896,162493.66
2365,158820.474171061,253351.9
2366,151611.37057651,196311.53
2367,152125.028585543,220813.23
2368,158404.073081048,206024.31
2369,160692.078640755,227840.38
2370,170175.22684199,174803.89
2371,169854.436591138,177553.02
2372,183410.785819008,167656.67
2373,180347.194026928,268603.88
2374,178930.528374292,278014.3
2375,153346.220086301,260107.23
2376,182675.204270589,282843.53
2377,180770.649792036,349571.28
2378,188714.148087543,144143.9
2379,191393.608594076,189772.39
2380,174016.157494425,145137.08
2381,183189.685319552,156512.81
2382,183621.508757866,184523.28
2383,168991.29635758,202262.3
2384,185306.650665866,252119.33
2385,189030.680303208,156795.95
2386,179208.665698449,133119.69
2387,174901.452792889,135529.61
2388,168337.406544343,97968.75
2389,158234.96461859,127179.305
2390,179562.453368834,148746.94
2391,174176.391640607,139945.58
2392,173931.531845427,120020.6
2393,184111.729429665,162411.77
2394,179374.482001188,143377.98
2395,207348.811884535,200567.11
2396,186983.419339031,148482.86
2397,206779.094049527,223857.05
2398,177472.074683935,124963.445
2399,156727.948324862,51881.29
2400,157090.568462479,52028.242
2401,160387.032696693,115397.97
2402,172410.28005086,142092.12
2403,191603.365657467,128641.57
2404,182152.207151253,147578.38
2405,180161.697340702,164705.97
2406,169652.235284283,137660.2
2407,182503.520140218,131712.5
2408,179714.630677039,146759.97
2409,180282.570719908,131961.81
2410,192600.338060371,176945.55
2411,166115.491248565,121451.13
2412,186379.553524443,152018.73
2413,184361.992258449,137219.22
2414,186220.965458121,133743.97
2415,198176.47090687,123559.97
2416,168437.776500131,129287.28
2417,178003.582312015,134136.0
2418,179180.469244588,124688.836
2419,191930.561104806,119702.96
2420,175590.266214964,123751.69
2421,176713.19307219,150766.86
2422,180159.090947005,117466.555
2423,188090.100808026,136001.27
2424,186184.717727913,162728.31
2425,223055.588672278,180757.22
2426,158270.753116401,124889.15
2427,184733.12846644,140873.06
2428,199926.378957429,175679.27
2429,175075.785166001,114357.0
2430,180917.925148076,126120.43
2431,182067.760625207,107975.016
2432,178238.60191545,141253.75
2433,173454.944606532,149484.69
2434,176821.936262814,138932.0
2435,183642.191304235,149072.44
2436,177254.582741058,119242.13
2437,168715.950111702,109295.76
2438,180096.931198144,122555.664
2439,160620.728178758,114979.96
2440,175286.544392273,126028.61
2441,153494.783276297,105179.42
2442,156407.65915545,103877.48
2443,162162.525245786,122598.07
2444,166809.886827197,121667.97
2445,172929.156408918,89324.68
2446,193514.330894137,127963.71
2447,181612.141603756,203689.56
2448,191745.386377068,140982.42
2449,171369.325038261,108366.445
2450,184425.470567051,158209.44
2451,170563.252355189,129362.53
2452,184522.369240168,197416.47
2453,164968.947931153,102014.67
2454,157939.621592364,134030.45
2455,151520.381580069,107002.27
2456,176129.508722531,137283.47
2457,171112.978971478,121064.03
2458,169762.081624282,116582.26
2459,162246.828936295,108300.59
2460,171339.303381589,136663.78
2461,189034.753653813,120516.44
2462,175758.873595981,143949.42
2463,163351.721489893,122733.69
2464,189806.546645026,182780.97
2465,175370.990918319,142259.8
2466,196895.599900301,115603.24
2467,176905.917994834,152625.2
2468,176866.557227858,85053.125
2469,163590.677170026,78738.6
2470,212693.502958393,173916.03
2471,192686.931747717,196172.7
2472,181578.684951827,178239.69
2473,166475.457581812,120482.234
2474,185998.255166219,108717.53
2475,185527.714877908,216274.08
2476,159027.118197683,114325.77
2477,181169.654933769,124687.734
2478,176732.915304722,156535.7
2479,191619.294648838,117432.87
2480,189114.303789324,151317.27
2481,180934.635330334,125671.63
2482,164573.372223048,133269.95
2483,173902.011270196,115907.57
2484,165625.127741229,122782.26
2485,179555.219570787,121356.69
2486,196899.720661579,158510.1
2487,207566.12470446,168607.81
2488,163899.981149274,151382.34
2489,189179.428177786,148941.45
2490,193892.880023125,156339.17
2491,178980.874331431,89515.1
2492,179749.876244365,187897.05
2493,197999.674975598,155409.67
2494,203717.470295797,166008.92
2495,185249.261156892,86861.73
2496,201691.208274848,239160.84
2497,181956.548314794,150562.5
2498,171895.936275806,110478.96
2499,187245.168439419,101729.65
2500,157816.77461318,130265.96
2501,191702.912573325,135551.27
2502,198599.420028908,144614.05
2503,187193.313676329,99462.266
2504,220514.993999535,192134.44
2505,181814.527595192,220034.12
2506,183750.755371907,257933.27
2507,183000.431679579,326366.94
2508,185830.971906573,254263.83
2509,185497.872344187,217698.38
2510,179613.437681321,236104.97
2511,164454.967963631,180327.97
2512,185127.237217638,215214.5
2513,178750.613844623,219338.98
2514,160927.61044889,234780.62
2515,192562.808057836,152773.39
2516,180990.24148554,157829.9
2517,180064.941503122,138046.66
2518,196070.997393789,147908.34
2519,180352.919019023,222406.44
2520,183367.953769362,215247.33
2521,176734.841494027,189682.4
2522,180848.220765939,220260.0
2523,187806.059368823,129712.7
2524,180521.52640004,138822.3
2525,181502.754496154,150395.5
2526,174525.87942676,138386.17
2527,188927.984063168,120355.555
2528,184728.870431253,134103.22
2529,179857.975518011,133415.8
2530,180962.868071609,121801.16
2531,179194.066390078,233120.48
2532,179591.789259484,223154.39
2533,180638.463702549,194194.0
2534,185846.215131922,245236.5
2535,195174.031139141,308754.28
2536,192474.56829063,223341.1
2537,164200.595496827,249133.02
2538,178403.094096818,185240.89
2539,170774.84018302,188016.81
2540,179879.945898337,181111.23
2541,177668.192752792,184186.53
2542,180174.328610725,156313.66
2543,170643.303572141,127246.23
2544,165448.004289838,128244.49
2545,195531.754886222,134394.42
2546,165314.177682121,135421.11
2547,172532.757660882,140247.72
2548,203310.218069877,147387.67
2549,175090.062515883,157362.98
2550,230841.338626282,226858.14
2551,155225.19006632,147705.58
2552,168322.342441945,124074.68
2553,165956.259265265,78269.33
2554,193956.817564124,102945.24
2555,171070.367893827,120093.18
2556,166285.243628001,87542.37
2557,182875.801346628,105433.83
2558,218108.536769738,146715.95
2559,174378.777632042,133044.28
2560,164731.316372391,136037.39
2561,156969.695083273,143905.27
2562,173388.854342604,141357.7
2563,177559.628685119,157115.47
2564,194297.789279905,168536.2
2565,174894.588364005,136531.36
2566,196544.144075798,161579.05
2567,179036.158528149,129585.266
2568,211423.986511149,199632.38
2569,208156.398935188,202332.44
2570,159233.941347257,131754.8
2571,210820.115134931,157901.38
2572,140196.10979821,177861.89
2573,198678.469082978,258422.94
2574,186818.610760803,321612.06
2575,175044.797633861,135211.53
2576,180031.162892704,132843.39
2577,176889.171525162,162143.23
2578,159638.856165666,86484.19
2579,154287.264375509,87293.22
2580,191885.618181273,128645.984
2581,177503.378612934,137119.86
2582,166548.31684976,125740.86
2583,164475.14942856,288054.7
2584,167484.744857879,171127.55
2585,188683.160555403,179087.92
2586,162243.399502668,196552.61
2587,180807.213919103,180179.02
2588,176279.079637039,154317.97
2589,163438.959094218,143330.19
2590,161495.5393685,205264.94
2591,216032.303722443,218049.78
2592,176632.181541401,217866.61
2593,168743.001567144,265534.2
2594,183810.11848086,170100.86
2595,156794.36054728,208223.75
2596,169136.43011395,340180.75
2597,183203.318752456,182362.47
2598,213252.926930889,275357.75
2599,190550.327866959,307239.25
2600,234707.209860273,183060.92
2601,135751.318892816,146795.12
2602,164228.45886894,86539.54
2603,153219.437030419,95539.914
2604,164210.746523801,89666.5
2605,163883.229117973,91037.484
2606,154892.776269956,146986.84
2607,197092.08733832,178505.44
2608,228148.376399122,199379.69
2609,178680.587503997,162528.03
2610,165643.341167808,116520.29
2611,222406.642660249,148683.47
2612,184021.843582599,154646.55
2613,170871.094939159,131512.48
2614,189562.873697309,131100.94
2615,170591.884966356,149597.58
2616,172934.351682851,137948.36
2617,186425.069879189,172370.28
2618,218648.131133006,195933.73
2619,183035.606761141,217334.67
2620,178378.906069427,184303.48
2621,184516.716597846,174097.36
2622,181419.5253183,182691.72
2623,196858.923438425,214345.78
2624,189228.701486278,282347.53
2625,208973.380761028,340978.53
2626,180269.86896412,172556.28
2627,159488.713683953,174142.3
2628,191490.299507521,375878.56
2629,228684.245137946,555513.2
2630,201842.998700429,338355.44
2631,209242.82289186,435729.1
2632,202357.62258493,368631.8
2633,168238.61218265,333074.6
2634,202524.12465369,391736.56
2635,170588.771929588,160726.42
2636,198375.31512987,183946.5
2637,170636.827889889,175463.66
2638,181991.079479377,248223.1
2639,183994.54251844,184282.81
2640,182951.482193584,148183.5
2641,174126.297156192,104878.664
2642,170575.496742588,195119.38
2643,175332.239869971,115937.375
2644,167522.061539111,123961.32
2645,168095.583738538,97336.02
2646,154406.415627461,90877.76
2647,170996.973346087,91801.65
2648,159056.890245639,143315.64
2649,181373.6165193,148148.55
2650,152272.560975937,148197.89
2651,168664.346821336,149573.9
2652,211007.008292301,439353.44
2653,182909.515032911,240757.6
2654,203926.829353303,234968.78
2655,179082.825442944,339426.88
2656,206260.099795032,282042.72
2657,181732.443415757,335707.78
2658,189698.740693148,276882.47
2659,203074.34678979,320649.1
2660,201670.634365666,374425.38
2661,173756.812589691,306321.9
2662,181387.076390881,327149.94
2663,184859.155270535,288347.97
2664,158313.615666777,284668.9
2665,151951.955409666,330762.9
2666,162537.52704471,301599.3
2667,178998.337067854,166788.6
2668,186732.584943041,183423.47
2669,187323.318406165,181715.64
2670,199437.232798284,282161.1
2671,185546.680858653,185250.22
2672,161595.015798593,180814.73
2673,154672.422763036,208401.36
2674,159355.710116165,197257.2
2675,155919.014077746,174845.84
2676,182424.87095604,191644.17
2677,178100.589622319,192391.47
2678,202577.900044456,248458.27
2679,177862.778940605,294894.38
2680,182056.024744887,280875.2
2681,191403.199177104,458375.75
2682,196264.754980043,310737.44
2683,209375.003419718,496902.97
2684,196691.81930173,301962.16
2685,192458.431539585,349045.62
2686,182242.80926507,251707.34
2687,183259.503900506,350455.75
2688,188108.243748841,226702.81
2689,171418.640195797,216268.36
2690,194698.882220432,450362.06
2691,174841.84007522,186791.45
2692,172965.476488899,127177.73
2693,189386.323677132,192625.97
2694,185682.618340257,126479.164
2695,176412.012719061,188928.47
2696,174976.489722867,183226.58
2697,180718.581707643,187297.2
2698,186131.188248242,202003.11
2699,165220.786354033,179366.31
2700,164115.893800435,170868.31
2701,182125.729127024,156900.83
2702,182285.140233276,113859.67
2703,196325.442210366,153928.19
2704,164865.215329881,143817.67
2705,182694.492209823,125500.13
2706,185425.485520958,117542.12
2707,171414.7041191,131445.28
2708,183433.472466085,140643.58
2709,176844.981155794,122986.63
2710,180568.187753206,123856.03
2711,185948.625475832,276996.1
2712,189388.291715481,375945.78
2713,142754.489165865,174864.84
2714,156106.800760811,150668.98
2715,155895.397617561,175704.56
2716,159851.977738548,157930.28
2717,185157.832305524,185730.36
2718,180716.291710805,226084.58
2719,176901.093954071,157321.78
2720,181017.222455218,169001.22
2721,183269.159407668,139546.69
2722,193550.830097069,151576.7
2723,170625.842699726,153303.42
2724,182012.405942725,127372.63
2725,179162.507290733,134889.72
2726,183269.159407668,148106.22
2727,180589.836175042,162151.31
2728,181465.935198741,171321.22
2729,196053.029878304,147988.92
2730,183421.020319014,144643.97
2731,167926.839083612,116770.53
2732,168027.530997889,125489.81
2733,182164.26685407,152846.22
2734,172469.071592608,146114.11
2735,181059.374300472,139318.38
2736,182997.570115536,149536.9
2737,166140.504179894,124358.6
2738,198515.546934075,124156.734
2739,193789.648503294,163077.53
2740,173550.025727531,143312.17
2741,176487.943174734,155308.2
2742,188813.302559147,158473.94
2743,178531.911979192,151114.62
2744,182145.731469001,147210.78
2745,179196.465024103,139367.75
2746,169618.349900686,136668.5
2747,170010.168655046,163546.9
2748,181739.671652174,125613.31
2749,172846.934955574,133785.31
2750,195560.8830172,140082.55
2751,180358.114292956,133224.78
2752,211817.702818093,210146.5
2753,176170.128686742,153023.67
2754,234492.248263699,203285.72
2755,182450.956536015,129514.63
2756,174902.068073146,105145.83
2757,173684.174293738,83858.02
2758,147196.673677562,87877.38
2759,175231.189709791,164716.83
2760,193417.64740633,125674.7
2761,183313.601249761,140080.62
2762,180882.250849082,146446.66
2763,186735.697979808,192715.45
2764,172922.865411247,157315.12
2765,202551.677190573,290343.38
2766,190485.634074173,147875.8
2767,173439.49362151,91033.59
2768,196613.598849219,124147.8
2769,178152.259700828,137314.7
2770,174519.904825949,143297.11
2771,172627.796932837,109481.22
2772,173732.689486435,123915.88
2773,209219.844787023,145645.17
2774,181059.374300472,137601.11
2775,188515.443002459,131664.34
2776,182164.26685407,150059.53
2777,188137.901597981,150220.16
2778,158893.54306269,118070.75
2779,189579.65066771,121475.91
2780,165229.803505847,103620.01
2781,162186.071220207,100070.945
2782,166374.879866351,99990.36
2783,161665.184974757,101362.35
2784,175079.328798445,125723.74
2785,203840.874021305,138903.17
2786,152129.078861057,71116.14
2787,181012.141380101,116717.266
2788,161305.53503837,79097.75
2789,203326.392972343,222989.14
2790,168385.571141831,101492.01
2791,183564.365159986,117097.92
2792,163784.619440861,69040.23
2793,171989.192193993,177509.66
2794,180839.95616829,102816.75
2795,170895.923185907,124890.29
2796,174071.054808518,104881.59
2797,259423.859147546,205710.44
2798,188000.824679588,125859.79
2799,179171.703565498,118370.44
2800,171022.241447762,69664.695
2801,174126.297156192,121720.695
2802,187625.573271948,138593.83
2803,199567.946369234,155741.69
2804,205328.078219268,140802.52
2805,166231.535025379,95467.58
2806,154743.91606057,85101.766
2807,159714.537012622,147777.86
2808,185563.069082422,148526.75
2809,171500.796725006,135810.61
2810,180983.443844799,137979.22
2811,183141.236914997,150248.06
2812,178498.634450214,143504.42
2813,224323.710512388,140947.33
2814,218200.642127877,151836.56
2815,182283.177756557,101264.4
2816,190054.639237419,276159.06
2817,160192.453934518,153430.75
2818,171289.393581756,131553.84
2819,151131.098733642,173670.67
2820,181721.458225594,135699.05
2821,172725.053851858,113029.94
2822,222438.699143414,211686.27
2823,235419.373448928,239253.61
2824,185150.926027596,175669.2
2825,184772.239624699,147215.58
2826,180658.216435809,127776.52
2827,209673.316647174,139777.58
2828,205939.810625621,214432.11
2829,165633.573325837,186030.31
2830,186030.317211014,226229.53
2831,160312.319589212,182075.73
2832,190702.440251029,235237.55
2833,175122.810326699,301831.62
2834,183783.13937519,222597.72
2835,178290.666302221,223960.3
2836,181605.343963015,196654.69
2837,187992.451444752,158893.45
2838,188885.11781517,144643.92
2839,189959.344795118,178772.39
2840,179258.619211334,197902.28
2841,181518.750275669,210765.98
2842,193008.659237315,227577.03
2843,186313.89385619,144815.11
2844,181499.39185067,164608.94
2845,174126.297156192,114488.016
2846,183918.612062767,212970.22
2847,184114.270899227,200661.89
2848,158540.947801398,239217.2
2849,197034.759055859,203809.88
2850,185170.284452595,283675.16
2851,221134.533635148,240298.81
2852,184306.637575967,223914.36
2853,199792.302740996,239996.92
2854,143237.803559736,140072.06
2855,177294.838897736,197804.23
2856,182368.620883855,206998.06
2857,176487.943174734,186103.1
2858,183849.408762071,190990.08
2859,184964.141507413,123380.82
2860,196395.969632434,133916.62
2861,188374.936650438,136872.53
2862,176261.296806135,192897.53
2863,163628.142248426,120338.555
2864,180618.032628904,263939.97
2865,161647.329794081,144215.8
2866,167129.598867773,129071.12
2867,174750.988352687,104686.93
2868,177560.202116333,99737.97
2869,192577.796112839,115957.305
2870,199202.898960871,136171.39
2871,182818.156667308,100163.42
2872,148217.262540651,59590.18
2873,188997.797082492,97721.48
2874,185807.928877601,144840.23
2875,177030.477842021,125260.61
2876,175942.474593632,153586.48
2877,172912.518576433,142379.14
2878,198359.248864591,163976.64
2879,184379.133036383,138169.16
2880,194255.566948886,98569.98
2881,209449.651603064,162107.42
2882,169979.323958443,166705.08
2883,188206.281858748,175110.88
2884,186412.438609167,182769.95
2885,196761.386409959,204413.72
2886,208353.269558209,221462.1
2887,166548.067241044,104153.4
2888,175942.474593632,136108.38
2889,166790.457916434,65064.6
2890,160515.850579067,90330.875
2891,192167.621096362,139146.73
2892,178751.551083369,68936.0
2893,198678.894117024,99440.125
2894,164553.120272354,62946.67
2895,156887.932862327,319894.78
2896,164185.777305524,283707.28
2897,212992.120630876,208591.86
2898,197468.550532521,160996.72
2899,180106.84373966,219800.5
2900,183972.071056674,155339.6
2901,245283.198337927,201396.64
2902,170351.963410756,177157.88
2903,195596.307707478,358912.2
2904,189369.756330412,346971.2
2905,223667.404551664,117052.1
2906,169335.310624364,200317.25
2907,167411.02835165,112818.88
2908,187709.555003968,132482.34
2909,196526.002998991,140869.72
2910,137402.569855589,78821.12
2911,165086.775061735,89841.43
2912,188506.431412274,152294.81
2913,172917.456816012,91491.64
2914,166274.325225982,80504.33
2915,167081.220948984,85431.74
2916,164788.778231138,89550.93
2917,219222.423400059,172001.56
2918,184924.279658997,123873.94
2919,187741.866657478,221744.83
